{
    "exp_k1_opt_p2_open_float64": {
        "D": [
            [
                -8.324881574439237,
                7.447720536358913,
                4.435636252270876,
                -1.6042436774766615,
                -3.2648956750985874,
                1.310664138384688
            ],
            [
                -1.8299376847441402,
                0.0,
                0.6091808364998473,
                0.6571831871206083,
                1.0077795399797889,
                -0.44420587885610724
            ],
            [
                -1.0364427587099774,
                -0.5793255751510354,
                0.0,
                0.5477940481222893,
                1.4039279979093384,
                -0.3359537121706156
            ],
            [
                1.4029879113136385,
                -2.3391448072401584,
                -2.0502721127076153,
                0.0,
                3.492456010515337,
                -0.5060270018811983
            ],
            [
                0.6256066498406233,
                -0.7859314284482687,
                -1.151297298293297,
                -0.765207820265042,
                0.0,
                2.0768298971659847
            ],
            [
                -1.3973810588832916,
                1.9275018727815914,
                1.5328987937210314,
                0.6168982447389535,
                -11.55559506735012,
                8.875677214991853
            ]
        ],
        "H": [
            0.0600609144441409,
            0.24444379153854479,
            0.25704108327657155,
            0.06867653062688443,
            0.3134439505416024,
            0.05633372957225766
        ],
        "basis": [
            "1",
            "x",
            "exp(4.0*x)"
        ],
        "interval": [
            0.0,
            1.0
        ],
        "k": 1,
        "node_type": "opt",
        "nodes": [
            0.0,
            0.2,
            0.4,
            0.6,
            0.8,
            1.0
        ],
        "op_type": "closed",
        "quad_basis": [
            "1",
            "x",
            "x^2",
            "x^3",
            "exp(4.0*x)",
            "x*exp(4.0*x)"
        ],
        "selector": 0,
        "tL": 0.0600609144441409,
        "tR": 0.05633372957225766
    }
}