{
    "exp_k1_opt_p2_open_float64": {
        "D": [
            [
                -1.423512111807732,
                -0.09249436620259051,
                0.025221567076324947,
                2.031106558078693,
                -0.5430653977036436
            ],
            [
                1.3164888817790145e13,
                0.0,
                -3.744376246930051e13,
                2.1693516077296824e13,
                2.346800389810826e12
            ],
            [
                -1.1027353444510323e34,
                1.15020908747403e35,
                0.0,
                -3.5232957568948654e35,
                2.480701358453047e35
            ],
            [
                -1.2052195642514232,
                -0.09044019658303055,
                0.47817111441198745,
                0.0,
                0.8177776579976594
            ],
            [
                7.239907323930063,
                -0.21981387984494952,
                -7.564080318604275,
                -18.373109012668657,
                18.977632910436494
            ]
        ],
        "H": [
            0.3512439380407133,
            2.4677827425079e-15,
            8.03358900938879e-37,
            0.5919368447051299,
            0.026346805334454104
        ],
        "basis": [
            "1",
            "x",
            "exp(18.75*x)"
        ],
        "interval": [
            0.0,
            1.0
        ],
        "k": 1,
        "node_type": "opt",
        "nodes": [
            0.0,
            0.25,
            0.5,
            0.75,
            1.0
        ],
        "op_type": "closed",
        "quad_basis": [
            "1",
            "x",
            "x^2",
            "x^3",
            "exp(18.75*x)",
            "x*exp(18.75*x)"
        ],
        "selector": 0,
        "tL": 0.3512439380407133,
        "tR": 0.026346805334454104
    }
}